{"conclusion":{"content":"Parabéns por concluir este curso! Você deu um passo importante para liberar todo o seu potencial. Concluir este curso não é apenas adquirir conhecimento; trata-se de colocar esse conhecimento em prática e causar um impacto positivo no mundo ao seu redor.","title":"Conclusão"},"id":"3D9dci33pZoJWEzHjMTr","colorScheme":"red","keywords":{"keyword1":"Python","keyword5":"AI Development","keyword4":"Natural Language Processing","keyword2":"Machine Learning","keyword3":"Neural Networks"},"viewCount":0,"name":"Introdução a Desenvolvimento de IA com Python","settings":{"showBackdrop":true,"showBrandInFooter":true,"navigationMode":"restricted"},"category":"Artificial Intelligence","sections":{"sld_8_rZGZwj0ohp":{"name":"Aprendizado de Máquina","slug":"aprendizado-de-maquina","blocks":{"txt_wBmTFbtR7l":{"formatting":"normal","content":"O Aprendizado de Máquina, ou Machine Learning, é uma das principais áreas da IA. Ele envolve o desenvolvimento de algoritmos e modelos que permitem que as máquinas aprendam com os dados e tomem decisões com base nesses conhecimentos.","type":"text","order":2},"lis_opPPlFKHyF":{"order":3,"items":{"ite_eSYEA3rdxR":{"order":1,"title":"Tipos de Aprendizado de Máquina","content":"Existem diferentes tipos de aprendizado de máquina, incluindo o supervisionado, não supervisionado e por reforço. Cada um desses tipos tem suas características e aplicações específicas."},"ite_qNNaQR9JAf":{"title":"Exemplos de Aplicações de Aprendizado de Máquina","order":2,"content":"O Aprendizado de Máquina está presente em diversas áreas, como previsão de vendas, reconhecimento de padrões, detecção de fraudes, recomendação de produtos, entre outros."}},"view":"click-reveal","type":"list"},"txt_EZGKPC7H9c":{"formatting":"h1","order":1,"type":"text","content":"Aprendizado de Máquina"}},"order":8,"short":"Aprendizado de Máquina","layout":{"type":"image-left","src":"resources/file-QEKlOXIj5p.jpg"}},"sld_11_pVZXZJcSpu":{"short":"Algoritmos de IA","slug":"algoritmos-de-ia","name":"Algoritmos de IA","order":11,"blocks":{"txt_UFJNuHfor2":{"type":"text","formatting":"normal","content":"Agora, vamos conhecer alguns algoritmos utilizados em IA.","order":2},"txt_gKA5XP6kgT":{"content":"Algoritmos de IA","type":"text","formatting":"h1","order":1},"lis_DjcYrx0JpE":{"view":"click-reveal","type":"list","items":{"ite_mPl1U4UO0I":{"order":2,"title":"Redes Neurais Artificiais","content":"As Redes Neurais Artificiais são modelos inspirados no funcionamento do cérebro humano, capazes de aprender padrões e realizar tarefas complexas."},"ite_Plwvz7qtzT":{"order":1,"title":"Aprendizado de Máquina","content":"O Aprendizado de Máquina é uma área da IA que consiste em criar sistemas capazes de aprender a partir dos dados, sem serem explicitamente programados."},"ite_qUqasnjz43":{"order":3,"content":"O Algoritmo Genético é um método que se baseia no processo de evolução biológica para otimizar soluções de problemas.","title":"Algoritmo Genético"}},"order":3}}},"sld_5_oDoasp7f1P":{"short":"Algoritmos de IA","layout":{"src":"resources/file-TATdad3XAS.jpg","type":"image-right"},"slug":"algoritmos-de-ia","order":5,"blocks":{"lis_9OkWqQqEXl":{"items":{"ite_hJip8qpMVr":{"order":2,"title":"Árvores de Decisão","content":"As árvores de decisão são algoritmos de aprendizado de máquina que utilizam uma estrutura de árvore para representar decisões e possíveis resultados."},"ite_s8nxCM3H0P":{"content":"As redes neurais são algoritmos inspirados na estrutura e função do cérebro humano, capazes de aprender padrões e tomar decisões.","title":"Redes Neurais","order":1}},"order":3,"type":"list","view":"accordion"},"txt_BZRPI3EXoi":{"order":2,"content":"Existem diversos algoritmos utilizados no desenvolvimento de IA, cada um com suas próprias características e aplicações.","type":"text","formatting":"normal"},"txt_2OfoPnEl34":{"formatting":"h1","order":1,"content":"Algoritmos de IA","type":"text"}},"name":"Algoritmos de IA"},"agreement":{"short":"Acordo","headline":"Reconhecimento de conclusão","name":"Acordo","blocks":{"agr_KLOqo7EHr4":{"type":"agreement","order":1,"labels":{"agree":"Concordo","confirm":"Confirmar","thankyou":"Obrigado por aceitar este acordo","text":"Ao clicar na caixa de seleção abaixo, você confirma que visualizou e concluiu este curso.","title":"Acordo"}}},"slug":"agreement","order":16},"sld_12_6U1z7RhtoZ":{"name":"Implementação de Algoritmos de IA","order":12,"short":"Implementação de Algoritmos de IA","blocks":{"lis_QpA1nASjMZ":{"type":"list","items":{"ite_rJyNtlYxsz":{"order":2,"title":"Exemplo de Implementação","src":"resources/file-UTQqMDaBTT.jpg","content":"Vamos ver um exemplo de implementação de um algoritmo de classificação usando a biblioteca Scikit-Learn."},"ite_tqOIa8pkYo":{"src":"resources/file-BbtSsmBNJE.jpg","content":"Os passos básicos para implementar um algoritmo de IA são: coletar e preparar os dados, escolher e treinar o modelo, e avaliar o desempenho do modelo.","order":3,"title":"Passos para Implementação"},"ite_mFjjGuRkyK":{"order":1,"title":"Bibliotecas de IA em Python","content":"Python possui diversas bibliotecas que facilitam a implementação de algoritmos de IA, como o TensorFlow, Keras e Scikit-Learn.","src":"resources/file-1B69GrLmav.jpg"}},"view":"image-text","order":3},"txt_jDNabOmdfO":{"formatting":"normal","content":"Vamos agora ver como implementar algoritmos de IA com Python.","type":"text","order":2},"txt_NAGV8290fx":{"type":"text","content":"Implementação de Algoritmos de IA","formatting":"h1","order":1}},"slug":"implementacao-de-algoritmos-de-ia"},"sld_3_NyyT4bGFyA":{"blocks":{"txt_GmAwhWhpop":{"content":"Python é uma linguagem de programação popular para desenvolvimento de IA. A sua sintaxe simples e expressiva torna o processo de implementação de algoritmos de IA mais intuitivo e eficiente.","order":2,"formatting":"normal","type":"text"},"lis_1EcT12imEy":{"type":"list","order":3,"view":"accordion","items":{"ite_f0AGn1GT2H":{"order":1,"content":"Python possui uma vasta biblioteca de ferramentas específicas para IA, como TensorFlow e Keras, além de uma grande comunidade ativa de desenvolvedores.","title":"Por que usar Python para IA?"},"ite_P8Yi55xmKr":{"title":"Exemplo de código Python","content":"import tensorflow as tf\n\nmodel = tf.keras.Sequential()\nmodel.add(tf.keras.layers.Dense(64, activation='relu', input_shape=(10,)))\nmodel.add(tf.keras.layers.Dense(64, activation='relu'))\nmodel.add(tf.keras.layers.Dense(1))","order":2}}},"txt_DZo3zKNjfh":{"type":"text","order":1,"formatting":"h1","content":"Python e IA"}},"slug":"python-e-ia","order":3,"short":"Python e IA","name":"Python e IA","layout":{"src":"resources/file-AJrqFV2pXI.jpg","type":"image-left"}},"sld_13_JtA4fQ7chw":{"order":13,"slug":"aplicacoes-da-ia-com-python","short":"Aplicações da IA com Python","blocks":{"lis_cAuif0BQ4a":{"view":"image-text","items":{"ite_faEXD8jFdq":{"content":"A IA com Python é utilizada em sistemas de recomendação, como os presentes em plataformas de streaming e e-commerce, para sugerir conteúdos e produtos aos usuários.","title":"Sistemas de Recomendação","order":3,"src":"resources/file-nZ0EjboBj3.jpg"},"ite_aUqH8dacFQ":{"src":"resources/file-oNOF7ieUa9.jpg","content":"Algoritmos de IA com Python podem ser aplicados no processamento de linguagem natural, permitindo a análise e compreensão de textos, chatbots e tradução automática.","title":"Processamento de Linguagem Natural","order":2},"ite_oYon1ugDgR":{"content":"A IA com Python pode ser usada para reconhecer objetos, rostos e padrões em imagens, sendo útil em áreas como segurança, medicina e automação.","src":"resources/file-etqL7xVfUh.jpg","order":1,"title":"Reconhecimento de Imagens"}},"type":"list","order":3},"txt_gOZJ9tWu0U":{"formatting":"normal","type":"text","order":2,"content":"Veja agora algumas aplicações práticas da IA com Python."},"txt_7YxS37VSyN":{"type":"text","order":1,"content":"Aplicações da IA com Python","formatting":"h1"}},"name":"Aplicações da IA com Python"},"wrapup":{"blocks":{"lis_a79rI80voU":{"items":{"ite_AueLl9ro1X":{"order":3,"content":"Python é uma linguagem de programação poderosa e versátil, especialmente para o desenvolvimento de algoritmos de inteligência artificial. Neste curso de Implementação de Algoritmos de IA com Python, você aprendeu como utilizar bibliotecas populares como o TensorFlow e o Scikit-learn, além de técnicas de pré-processamento de dados e seleção de modelos. Com essas habilidades, você está pronto para criar soluções de IA eficientes e colocar em prática todo o seu conhecimento adquirido.","title":"Implementação de Algoritmos de IA com Python"},"ite_izmhLJg2gd":{"order":1,"title":"Introdução à Inteligência Artificial","content":"A inteligência artificial tem se tornado cada vez mais presente em nossas vidas, desde assistentes virtuais até sistemas de recomendação. Neste curso de Introdução à Inteligência Artificial, você aprendeu os conceitos fundamentais, como aprendizado de máquina, redes neurais e algoritmos de IA. Agora você está preparado para explorar o mundo da IA e aplicar seus conhecimentos em projetos reais."},"ite_Ht1BviZCf6":{"content":"O aprendizado de máquina é uma área em constante crescimento e um componente essencial da inteligência artificial. Neste curso de Fundamentos do Aprendizado de Máquina, você adquiriu uma base sólida em conceitos como tipos de aprendizado, algoritmos de classificação e regressão, e avaliação de modelos. Com esse conhecimento, você pode iniciar a construção de modelos de aprendizado de máquina e impulsionar a inovação em diversas áreas.","title":"Fundamentos do Aprendizado de Máquina","order":2}},"type":"list","view":"accordion","order":3},"txt_Mk1cYGA5uk":{"formatting":"normal","content":"Vamos rever o que acabamos de ver até agora","type":"text","order":2},"txt_mZLMtMds9e":{"order":1,"content":"Resumo","type":"text","formatting":"h1"}},"order":15,"headline":"Vamos rever o que acabamos de ver até agora","name":"Resumo","slug":"wrapup","short":"Resumo"},"sld_9_uY2XSZ3OLG":{"short":"Principais Algoritmos de Aprendizado de Máquina","layout":{"src":"resources/file-bmHb10QAgL.jpg","type":"image-right"},"blocks":{"txt_8iZlefenpt":{"content":"Principais Algoritmos de Aprendizado de Máquina","formatting":"h1","order":1,"type":"text"},"lis_zL2sWonPDX":{"order":3,"type":"list","view":"accordion","items":{"ite_t2Gt19mkLV":{"order":2,"title":"Árvores de Decisão","content":"As Árvores de Decisão são algoritmos que utilizam uma estrutura de árvore para classificar instâncias em categorias ou tomar decisões com base em condições."},"ite_AkQrEOpHia":{"order":3,"content":"As Redes Neurais são algoritmos inspirados no funcionamento do cérebro humano. Elas são capazes de aprender padrões complexos e são muito utilizadas em reconhecimento de imagem e processamento de linguagem natural.","title":"Redes Neurais"},"ite_qBGez4g4wP":{"title":"Regressão Linear","content":"A Regressão Linear é um algoritmo utilizado para prever um valor numérico a partir de um conjunto de variáveis independentes.","order":1}}},"txt_WQG9dbIXzD":{"formatting":"normal","content":"Existem diversos algoritmos utilizados no Aprendizado de Máquina. Vamos conhecer alguns dos principais.","order":2,"type":"text"}},"slug":"principais-algoritmos-de-aprendizado-de-maquina","name":"Principais Algoritmos de Aprendizado de Máquina","order":9},"sld_7_LVrojgjgRn":{"order":7,"slug":"python-e-ia","blocks":{"txt_wIL0knxxBU":{"order":2,"type":"text","formatting":"normal","content":"O Python é uma das linguagens de programação mais populares na área de Inteligência Artificial. Ela é conhecida por sua facilidade de uso, legibilidade de código e pela quantidade de bibliotecas disponíveis para IA."},"lis_kPFJJacsX0":{"order":3,"type":"list","items":{"ite_PjhAyZZTFs":{"order":1,"src":"resources/file-SYpntn2HmQ.jpg","title":"Por que Python é usado em IA?","content":"Python é uma linguagem de programação de alto nível, ou seja, possui uma sintaxe mais próxima da linguagem humana. Além disso, seu ecossistema de bibliotecas, como o TensorFlow e o Scikit-learn, tornam o desenvolvimento de IA mais rápido e eficiente."}},"view":"image-text"},"txt_w449nPc2iB":{"type":"text","content":"Python e IA","formatting":"h1","order":1}},"short":"Python e IA","name":"Python e IA"},"sld_4_H5RjzzFsOW":{"slug":"tipos-de-ia","order":4,"short":"Tipos de IA","name":"Tipos de IA","blocks":{"txt_H848i8wJn3":{"formatting":"h1","content":"Tipos de IA","type":"text","order":1},"lis_NEwxRMQOBZ":{"type":"list","view":"image-text","order":3,"items":{"ite_zJunc4M9Lz":{"src":"resources/file-DYC1Lwszvz.jpg","order":2,"title":"IA Forte","content":"A IA forte, também conhecida como IA geral, possui capacidade de raciocínio equivalente ou superior ao ser humano em qualquer tarefa intelectual."},"ite_Bf9ax5rXPl":{"title":"IA Fraca","src":"resources/file-tOVrQd4yAO.jpg","content":"A IA fraca, também conhecida como IA estreita, é projetada para realizar tarefas específicas de forma competente, mas não possui capacidade de raciocínio geral.","order":1}}},"txt_FGkGLkTZ4C":{"content":"Existem diferentes tipos de IA, cada um com suas características e aplicações específicas.","type":"text","formatting":"normal","order":2}}},"sld_6_i6FC8rS2ZK":{"slug":"aplicacoes-de-ia","name":"Aplicações de IA","short":"Aplicações de IA","order":6,"blocks":{"lis_ksMBqkoiWK":{"order":3,"view":"click-reveal","type":"list","items":{"ite_mQc4zCKGVw":{"content":"A IA é capaz de reconhecer e classificar imagens, permitindo aplicações como o reconhecimento facial e de objetos.","order":1,"title":"Reconhecimento de Imagens"},"ite_K5UzHisbub":{"title":"Processamento de Linguagem Natural","content":"A IA é capaz de interpretar e gerar texto natural, permitindo a criação de assistentes virtuais e sistemas de tradução automática.","order":2}}},"txt_pK77XmyZ4M":{"order":2,"type":"text","formatting":"normal","content":"A IA é aplicada em diversas áreas, impactando nossas vidas e impulsionando o avanço tecnológico."},"txt_RNmg9x48j1":{"formatting":"h1","order":1,"type":"text","content":"Aplicações de IA"}},"layout":{"src":"resources/file-ueZP6SjdTF.jpg","type":"image-right"}},"congratulations":{"blocks":{"txt_QnT4kLdpMW":{"order":2,"content":"Parabéns por concluir este curso! Você deu um passo importante para liberar todo o seu potencial. Concluir este curso não é apenas adquirir conhecimento; trata-se de colocar esse conhecimento em prática e causar um impacto positivo no mundo ao seu redor.","type":"text","formatting":"normal"},"txt_N6RJ84JVXo":{"formatting":"h1","order":1,"content":"Conclusão","type":"text"}},"layout":{"type":"image-right","src":"resources/image-ej95tw88MB.jpg"},"slug":"congratulations","order":17,"name":"Conclusão","short":"Congratulations"},"sld_2_6et8SkkzJp":{"layout":{"src":"resources/file-DRjgcyO56w.jpg","type":"image-left"},"short":"Introdução a Desenvolvimento de IA com Python","slug":"introducao-a-desenvolvimento-de-ia-com-python","order":2,"blocks":{"txt_nQhHUdJjPk":{"view":"checklist","order":3,"items":{"ite_QAuyUyaMMB":{"content":"Fundamentos do Aprendizado de Máquina","order":2,"title":"Fundamentos do Aprendizado de Máquina"},"ite_NhubPe0RCu":{"order":3,"content":"Implementação de Algoritmos de IA com Python","title":"Implementação de Algoritmos de IA com Python"},"ite_3O1XzJna6G":{"title":"Introdução à Inteligência Artificial","content":"Introdução à Inteligência Artificial","order":1}},"type":"list"},"txt_p79sqD5xW6":{"content":"Objetivos de aprendizagem","type":"text","order":1,"formatting":"h1"},"txt_FE3fdWaAj5":{"content":"Neste curso você vai aprender:","formatting":"h4","type":"text","order":2}},"name":"Introdução a Desenvolvimento de IA com Python"},"sld_1_bZI23p3JeI":{"name":"Introdução a Desenvolvimento de IA com Python","blocks":{"txt_NmAWCFoCoH":{"type":"text","content":"Introdução a Desenvolvimento de IA com Python por Nickolas Madeiro","formatting":"h1","order":1},"txt_WIUOF8uP5J":{"formatting":"h4","content":"Aprenda os conceitos básicos do desenvolvimento de IA utilizando a linguagem Python","type":"text","order":2},"txt_kgggkCDE6O":{"content":"Neste curso, você aprenderá os conceitos fundamentais do desenvolvimento de Inteligência Artificial (IA) utilizando a linguagem de programação Python. O curso abordará temas como algoritmos de machine learning, redes neurais, processamento de linguagem natural e muito mais. Ao final do curso, você estará pronto para iniciar seus primeiros projetos de IA utilizando Python.","formatting":"normal","order":3,"type":"text"}},"order":1,"short":"Introdução a Desenvolvimento de IA com Python","slug":"introducao-a-desenvolvimento-de-ia-com-python","layout":{"src":"resources/file-B8zoCjWOj9.jpg","type":"image-right"}},"sld_14_zF1nV9le9x":{"slug":"desafios-e-oportunidades-da-ia","layout":{"type":"image-right","src":"resources/file-L3rI6P18ua.jpg"},"short":"Desafios e Oportunidades da IA","name":"Desafios e Oportunidades da IA","order":14,"blocks":{"txt_nsRmpf8BcV":{"formatting":"h1","order":1,"type":"text","content":"Desafios e Oportunidades da IA"},"lis_t2UUEtsiW8":{"items":{"ite_qIKddC8NAo":{"content":"A IA também pode causar mudanças no mercado de trabalho, com automação de tarefas e surgimento de novas profissões relacionadas à IA.","title":"Mudanças no Mercado de Trabalho","order":3},"ite_WamXHv2Vjr":{"order":1,"content":"O uso da IA levanta questões éticas e de privacidade, como o uso indevido de dados pessoais e o viés algorítmico.","title":"Desafios Éticos e de Privacidade"},"ite_WjXKzpDdBQ":{"order":2,"content":"A área de IA está em crescimento e oferece diversas oportunidades de carreira, como cientista de dados, engenheiro de dados e especialista em IA.","title":"Expansão de Carreiras em IA"}},"order":3,"type":"list","view":"accordion"},"txt_ex69OR89KA":{"type":"text","formatting":"normal","order":2,"content":"A IA apresenta desafios e oportunidades para a sociedade e o mercado de trabalho."}}},"sld_10_DaO3AelB5J":{"short":"Desafios do Aprendizado de Máquina","name":"Desafios do Aprendizado de Máquina","order":10,"blocks":{"txt_cQD9NOFncK":{"order":2,"content":"Apesar dos avanços e benefícios do Aprendizado de Máquina, ainda existem desafios a serem enfrentados.","formatting":"normal","type":"text"},"txt_iUSR2etlO8":{"content":"Desafios do Aprendizado de Máquina","formatting":"h1","type":"text","order":1},"lis_AFG4iqo6VT":{"order":3,"view":"accordion","type":"list","items":{"ite_jbzOIi6Zb8":{"title":"Interpretabilidade dos Modelos","content":"Muitos modelos de Aprendizado de Máquina são considerados caixas-pretas, ou seja, é difícil entender como eles chegam a determinadas decisões. Isso pode ser um obstáculo em casos que exigem explicações claras e justificáveis.","order":2},"ite_gLjTn09nrb":{"content":"O Aprendizado de Máquina depende de grandes quantidades de dados para treinar os algoritmos. Porém, nem sempre esses dados estão disponíveis ou são de boa qualidade.","order":1,"title":"Disponibilidade de Dados"},"ite_oKGsTo6ESZ":{"order":3,"title":"Vieses e Discriminação","content":"Algoritmos de Aprendizado de Máquina podem refletir os vieses e preconceitos presentes nos dados de treinamento, resultando em decisões discriminatórias. É fundamental ter cuidado e garantir a equidade e imparcialidade na utilização desses algoritmos."}}}},"slug":"desafios-do-aprendizado-de-maquina","layout":{"type":"image-left","src":"resources/file-PorDliISRd.jpg"}}},"format":"classic","teamId":null,"version":4,"languageId":"pt-BR","headline":"Aprenda os conceitos básicos do desenvolvimento de IA utilizando a linguagem Python","updatedAt":"2024-05-15T04:15:01.475Z","folderId":null,"overview":{"title":"Visão geral","content":"Neste curso, você aprenderá os conceitos fundamentais do desenvolvimento de Inteligência Artificial (IA) utilizando a linguagem de programação Python. O curso abordará temas como algoritmos de machine learning, redes neurais, processamento de linguagem natural e muito mais. Ao final do curso, você estará pronto para iniciar seus primeiros projetos de IA utilizando Python."},"createdAt":"2024-05-15T04:12:17.648Z"}